<?xml version="1.0" encoding="UTF-8"?><idempiere Name="2Pack_1.0.0" Version="2.0.0" idempiereVersion="" DataBaseVersion="" Description="" Author="" AuthorEmail="" CreatedDate="2023-05-04 13:17:31.8" UpdatedDate="2023-05-04 13:17:31.8" PackOutVersion="100" UpdateDictionary="false" Client="0-SYSTEM-System" AD_Client_UU="11237b53-9592-4af1-b3c5-afd216514b5d">
    <AD_Element type="table">
        <AD_Client_ID>0</AD_Client_ID>
        <AD_Org_ID>0</AD_Org_ID>
        <AD_Org_ID reference="id">0</AD_Org_ID>
        <IsActive>Y</IsActive>
        <ColumnName>BXS_IsPrintFromArchive</ColumnName>
        <Name>Print from Archive</Name>
        <Description>Defines if when clicking the print button, the system should check if there's an existing archived version and notify the user before printing.</Description>
        <Help>If there is an archived document in the current record. That version has priority over generating a new version with the print button.</Help>
        <PrintName>Print from Archive</PrintName>
        <PO_Description/>
        <PO_Help/>
        <PO_Name/>
        <PO_PrintName/>
        <EntityType>ABR</EntityType>
        <AD_Element_UU>1d22906d-9971-4fb9-be20-89c6ed168d69</AD_Element_UU>
        <Placeholder/>
        <AD_Element_Trl type="translation">
            <Description>Defines if when clicking the print button, the system should check if there's an existing archived version and notify the user before printing.</Description>
            <Help>If there is an archived document in the current record. That version has priority over generating a new version with the print button.</Help>
            <Name>Print from Archive</Name>
            <Placeholder/>
            <PO_Description/>
            <PO_Help/>
            <PO_Name/>
            <PO_PrintName/>
            <PrintName>Print from Archive</PrintName>
            <AD_Language>de_DE</AD_Language>
            <IsActive>Y</IsActive>
            <IsTranslated>N</IsTranslated>
        </AD_Element_Trl>
        <AD_Element_Trl type="translation">
            <Description>Defines if when clicking the print button, the system should check if there's an existing archived version and notify the user before printing.</Description>
            <Help>If there is an archived document in the current record. That version has priority over generating a new version with the print button.</Help>
            <Name>Print from Archive</Name>
            <Placeholder/>
            <PO_Description/>
            <PO_Help/>
            <PO_Name/>
            <PO_PrintName/>
            <PrintName>Print from Archive</PrintName>
            <AD_Language>en_US</AD_Language>
            <IsActive>Y</IsActive>
            <IsTranslated>Y</IsTranslated>
        </AD_Element_Trl>
    </AD_Element>
    <AD_Column type="table">
        <IsSyncDatabase>Y</IsSyncDatabase>
        <AD_Table_ID reference="id">217</AD_Table_ID>
        <AD_Reference_Value_ID reference="id"/>
        <AD_Client_ID>0</AD_Client_ID>
        <AD_Org_ID>0</AD_Org_ID>
        <Version>0</Version>
        <Name>Print from Archive</Name>
        <Description>Defines if when clicking the print button, the system should check if there's an existing archived version and notify the user before printing.</Description>
        <Help>If there is an archived document in the current record. That version has priority over generating a new version with the print button.</Help>
        <AD_Val_Rule_ID reference="id"/>
        <ColumnName>BXS_IsPrintFromArchive</ColumnName>
        <DefaultValue>N</DefaultValue>
        <FieldLength>1</FieldLength>
        <IsKey>N</IsKey>
        <IsParent>N</IsParent>
        <IsMandatory>Y</IsMandatory>
        <IsTranslated>N</IsTranslated>
        <IsIdentifier>N</IsIdentifier>
        <SeqNo>0</SeqNo>
        <IsEncrypted>N</IsEncrypted>
        <AD_Reference_ID reference="id">20</AD_Reference_ID>
        <AD_Org_ID reference="id">0</AD_Org_ID>
        <IsActive>Y</IsActive>
        <VFormat/>
        <Callout/>
        <AD_Element_ID reference="uuid" reference-key="AD_Element">1d22906d-9971-4fb9-be20-89c6ed168d69</AD_Element_ID>
        <IsUpdateable>Y</IsUpdateable>
        <AD_Process_ID reference="id"/>
        <ValueMin/>
        <ValueMax/>
        <IsSelectionColumn>N</IsSelectionColumn>
        <ReadOnlyLogic/>
        <EntityType>BAY</EntityType>
        <IsAlwaysUpdateable>N</IsAlwaysUpdateable>
        <ColumnSQL/>
        <MandatoryLogic/>
        <IsAutocomplete>N</IsAutocomplete>
        <IsAllowLogging>Y</IsAllowLogging>
        <FormatPattern/>
        <AD_Chart_ID reference="id"/>
        <AD_Column_UU>7229c46d-0856-4119-807c-91bd927a3259</AD_Column_UU>
        <IsAllowCopy>Y</IsAllowCopy>
        <SeqNoSelection>0</SeqNoSelection>
        <IsToolbarButton>N</IsToolbarButton>
        <IsSecure>N</IsSecure>
        <FKConstraintName/>
        <FKConstraintType>N</FKConstraintType>
        <PA_DashboardContent_ID reference="id"/>
        <Placeholder/>
        <IsHtml>N</IsHtml>
        <AD_Val_Rule_Lookup_ID reference="id"/>
        <AlwaysUpdatableLogic/>
        <AD_InfoWindow_ID reference="id"/>
    </AD_Column>
    <AD_Field type="table">
        <AD_Client_ID>0</AD_Client_ID>
        <AD_Org_ID>0</AD_Org_ID>
        <Name>Print from Archive</Name>
        <Description>Defines if when clicking the print button, the system should check if there's an existing archived version and notify the user before printing.</Description>
        <Help>If there is an archived document in the current record. That version has priority over generating a new version with the print button.</Help>
        <AD_Tab_ID reference="id">167</AD_Tab_ID>
        <AD_Column_ID reference="uuid" reference-key="AD_Column">7229c46d-0856-4119-807c-91bd927a3259</AD_Column_ID>
        <IsDisplayed>Y</IsDisplayed>
        <DisplayLogic/>
        <DisplayLength>1</DisplayLength>
        <SeqNo>370</SeqNo>
        <SortNo/>
        <IsSameLine>N</IsSameLine>
        <IsHeading>N</IsHeading>
        <IsFieldOnly>N</IsFieldOnly>
        <IsEncrypted>N</IsEncrypted>
        <AD_Org_ID reference="id">0</AD_Org_ID>
        <IsActive>Y</IsActive>
        <IsReadOnly>N</IsReadOnly>
        <IsCentrallyMaintained>Y</IsCentrallyMaintained>
        <AD_FieldGroup_ID reference="id"/>
        <EntityType>BAY</EntityType>
        <ObscureType/>
        <AD_Reference_ID reference="id"/>
        <IsMandatory/>
        <DefaultValue/>
        <AD_Reference_Value_ID reference="id"/>
        <AD_Val_Rule_ID reference="id"/>
        <Included_Tab_ID reference="id"/>
        <AD_Field_UU>75710414-20cf-43dc-a565-b094dc763367</AD_Field_UU>
        <IsAllowCopy/>
        <IsDisplayedGrid>Y</IsDisplayedGrid>
        <SeqNoGrid>330</SeqNoGrid>
        <XPosition>2</XPosition>
        <ColumnSpan>2</ColumnSpan>
        <NumLines>1</NumLines>
        <IsQuickEntry>N</IsQuickEntry>
        <IsUpdateable/>
        <IsAlwaysUpdateable/>
        <MandatoryLogic/>
        <ReadOnlyLogic/>
        <IsToolbarButton/>
        <IsDefaultFocus>N</IsDefaultFocus>
        <IsAdvancedField>N</IsAdvancedField>
        <VFormat/>
        <AD_LabelStyle_ID reference="id"/>
        <AD_FieldStyle_ID reference="id"/>
        <IsQuickForm>N</IsQuickForm>
        <Placeholder/>
        <IsSelectionColumn/>
        <AD_Val_Rule_Lookup_ID reference="id"/>
        <ColumnSQL/>
        <AD_Chart_ID reference="id"/>
        <AlwaysUpdatableLogic/>
        <AD_Field_Trl type="translation">
            <Description>Defines if when clicking the print button, the system should check if there's an existing archived version and notify the user before printing.</Description>
            <Help>If there is an archived document in the current record. That version has priority over generating a new version with the print button.</Help>
            <Name>Print from Archive</Name>
            <Placeholder/>
            <AD_Language>de_DE</AD_Language>
            <IsActive>Y</IsActive>
            <IsTranslated>N</IsTranslated>
        </AD_Field_Trl>
        <AD_Field_Trl type="translation">
            <Description>Defines if when clicking the print button, the system should check if there's an existing archived version and notify the user before printing.</Description>
            <Help>If there is an archived document in the current record. That version has priority over generating a new version with the print button.</Help>
            <Name>Print from Archive</Name>
            <Placeholder/>
            <AD_Language>en_US</AD_Language>
            <IsActive>Y</IsActive>
            <IsTranslated>Y</IsTranslated>
        </AD_Field_Trl>
    </AD_Field>
</idempiere>
